,EqVolTarget,RatesCarry,CommodityCurve,FxCarry,XAssetOverlay
2022-01-03,100.0,100.0,100.0,,
2022-01-04,100.0,100.0,100.0,,
2022-01-05,100.0,100.0,100.0,,
2022-01-06,100.0,100.0,100.0,,
2022-01-07,100.0,100.0,100.0,,
2022-01-10,100.0,100.0,100.0,,
2022-01-11,100.0,100.0,100.0,,
2022-01-12,100.0,100.0,100.0,,
2022-01-13,100.0,100.0,100.0,,
2022-01-14,100.0,100.0,100.0,,
2022-01-18,100.0,100.0,100.0,,
2022-01-19,100.0,100.0,100.0,,
2022-01-20,100.0,100.0,100.0,,
2022-01-21,100.0,100.0,100.0,,
2022-01-24,100.0,100.0,100.0,,
2022-01-25,100.0,100.0,100.0,,
2022-01-26,100.0,100.0,100.0,,
2022-01-27,100.0,100.0,100.0,,
2022-01-28,100.0,100.0,100.0,,
2022-01-31,100.0,100.0,100.0,,
2022-02-01,100.0,100.0,100.0,100.0,100.0
2022-02-02,100.0,99.655,100.0,100.0,100.0
2022-02-03,100.0,100.1034475,100.0,100.0,100.0
2022-02-04,100.0,101.229611284375,100.0,100.0,100.0
2022-02-07,100.0,101.1233201925264,100.0,100.0,100.0
2022-02-08,100.0,101.51636310490353,100.0,100.0,100.0
2022-02-09,100.0,101.21181401558881,100.0,100.0,100.0
2022-02-10,100.0,101.68244895076131,100.0,100.0,100.0
2022-02-11,100.0,100.50801666538003,100.0,100.0,100.0
2022-02-14,100.0,101.06582321074464,100.0,100.0,100.0
2022-02-15,100.0,101.77801603397896,100.0,100.0,100.0
2022-02-16,100.0,101.71133302493625,100.0,100.0,100.0
2022-02-17,100.0,101.22990114276473,100.0,100.0,100.0
2022-02-18,100.0,100.80823914119941,100.0,100.0,100.0
2022-02-22,100.0,100.80823914119941,100.0,100.0,100.0
2022-02-23,100.0,101.20435320502574,100.0,100.0,100.0
2022-02-24,100.0,101.01427634704676,100.0,100.0,100.0
2022-02-25,100.0,101.08283748733282,100.0,100.0,100.0
2022-02-28,99.9908160941923,100.04278959383693,100.0,100.0,100.0
2022-03-01,99.28612678364551,99.29871193623836,100.0,100.0,100.0
2022-03-02,100.1172211969193,99.9984034736687,100.0,100.0,100.0
2022-03-03,99.88777151491344,99.95353815400189,100.0,100.25449489967745,99.98244875070408
2022-03-04,99.51359936639464,99.25814021212732,100.0,100.32773995259672,99.1752820648131
2022-03-07,98.14625792692557,99.43959847158497,100.0,100.26592768378053,98.13786581494325
2022-03-08,97.80325904865077,99.78965670603208,100.0,99.92739397255761,97.86925359176996
2022-03-09,98.9914987685348,100.1874025601597,100.0,99.84038813732882,99.03363574736282
2022-03-10,98.78576924314815,100.36611020959771,100.0,100.15704501589975,99.26144655969935
2022-03-11,98.20529498984214,100.44155108151054,100.0,100.32949676009437,99.01128093124413
2022-03-14,97.87450751829913,101.09699017523171,100.0,100.01431190840594,99.01246820927608
2022-03-15,98.85212985424992,101.18354963074563,100.0,99.98855848629883,99.8310592085576
2022-03-16,99.84766746957729,101.28036447589625,100.0,100.38325538517824,101.03517865152884
2022-03-17,100.41772689192364,101.34894855497151,100.0,100.87832803659961,101.93405615709146
2022-03-18,100.92003683563078,100.96403723129495,100.0,101.43460595457717,102.43616093733871
2022-03-21,100.9064753105721,101.80645333353901,100.0,101.59680820994114,103.15705465724783
2022-03-22,101.44553268277305,102.10687748464994,100.0,102.42790897757395,104.39177844627304
2022-03-23,100.8417191578182,101.85862221364239,100.0,102.7945258468819,104.03040768316126
2022-03-24,101.53453348785266,101.96101112546303,100.0,103.06569412287021,104.7643373405547
2022-03-25,101.76168014788367,102.49111981018237,100.0,103.11908683920402,105.33634218416105
2022-03-28,102.09287784064809,102.32440183689289,100.0,103.15656195286044,105.47899739642435
2022-03-29,102.66927531772974,102.07081451747018,100.0,102.7083910809498,105.3938932538081
2022-03-30,102.37725609551637,101.8061265212167,100.0,102.4054810011461,104.76988386114827
2022-03-31,101.64779229355558,101.68431337210102,100.0,102.44401707207307,104.16407354802561
2022-04-01,101.78373280435488,101.86559812723279,100.0,102.8415221196338,104.6957185205605
2022-04-04,102.19401444437517,102.0400111515291,100.0,103.34828475573296,105.51403820521365
2022-04-05,101.58014036483335,102.60562137995386,100.0,104.05379838207993,106.01084716974107
2022-04-06,101.0977347162614,103.01606691919767,100.0,103.81075059584943,105.77290630063287
2022-04-07,101.3378613150276,103.3197096738245,100.0,103.46493488542312,105.92834334731438
2022-04-08,101.20963511970957,103.56738556994864,100.0,103.57949707334629,106.10811375176318
2022-04-11,100.38509331067107,103.97705427784886,100.0,103.75222503162233,105.89915470851498
2022-04-12,100.20899701555759,103.72955950691814,100.0,104.05310747750866,105.79419490943465
2022-04-13,100.7482954202516,103.64677001687951,100.0,103.91993065384841,106.08267607822472
2022-04-14,100.15175365813872,104.22781039028295,100.0,104.13351040163236,106.23969177659802
2022-04-18,100.17120740816235,104.35180869961466,100.0,104.07057203276896,106.31189226861464
2022-04-19,100.92924807379356,104.59583762341308,100.0,104.65989386303647,107.79744972361094
2022-04-20,100.89386017541197,104.17702970181612,100.0,104.74846930510151,107.44747729092445
2022-04-21,100.17552053562235,104.35205094759255,100.0,104.63969000396713,106.87223380706882
2022-04-22,98.85843331212267,104.30461497176289,100.0,103.65223973624369,104.78750312691221
2022-04-25,99.12849421700069,103.92281488276805,100.0,102.58479523859931,103.7841201904599
2022-04-26,97.75182420712677,103.81079121610432,100.0,102.39511606585012,102.57839245269894
2022-04-27,97.88152675229041,104.03787084254607,100.0,102.79560742783873,103.09670084702891
2022-04-28,99.03537660114019,104.14532765891431,100.0,103.13993219547415,104.16015399057588
2022-04-29,97.27206043945262,104.28662828857982,100.0,103.18947924318881,103.08510527550689
2022-05-02,97.51748273030736,104.84188694896397,99.9129241922711,102.98876097759529,103.40400797880666
2022-05-03,97.70499535487623,104.65115808945144,99.91215220212817,103.10904130310767,103.48112100217355
2022-05-04,98.93722937422628,104.5740655953097,100.27723032922368,103.23022618864799,104.52577834117793
2022-05-05,97.43192056580983,105.21687734970975,100.31392860078479,102.70378119229215,103.62697202900097
2022-05-06,97.186691312116,105.63134912911603,100.25036425365195,102.49299730126111,103.54931214233191
2022-05-09,95.85711181041052,105.37412844805263,99.78001111119184,101.9683755621064,101.98913563130554
2022-05-10,95.95010398521946,105.02700620910437,99.7447776033702,101.6075230408739,101.60929184602212
2022-05-11,95.30413478481826,104.52650063915566,100.03709090493491,101.97799816534719,101.34701952630564
2022-05-12,95.26228276086754,104.25973302632576,100.1272405502138,100.79259255653187,100.60143674609185
2022-05-13,96.20852712227132,104.68321566115971,100.31640395717415,101.50270821296725,101.87062118686848
2022-05-16,96.04407269531539,104.44687189104033,100.48150536571856,101.67025424593625,101.83351509802398
2022-05-17,96.8662385702348,104.82593204182946,100.41517761133841,102.31034303545543,102.74327365971381
2022-05-18,95.19058539496363,104.37316921274231,100.16865604464886,101.82210011863835,101.21139949001035
2022-05-19,94.94472958318637,104.16508528783122,100.34754054499837,101.96187511757469,101.13963610158778
2022-05-20,94.96215498735545,103.8871962408194,100.30517211174252,101.96571246995157,101.01009377783963
2022-05-23,95.70221948972461,104.25201265325316,100.36501420517676,102.15627590239231,101.65040947619221
2022-05-24,95.39390407557906,103.8949834454503,100.37876810084889,101.33776103368587,100.95051181076464
2022-05-25,95.74666754918336,103.86556354962195,100.47788646259778,101.77324056093056,101.36599150235935
2022-05-26,96.54305667809031,103.88897795380154,100.63375947276232,101.70810300174742,101.81682571732647
2022-05-27,97.52742163503495,103.8225671311654,100.73914439399357,102.24998112348752,102.59350335520318
2022-05-31,97.29506567177266,104.36387994679906,100.70751311692787,102.79926879761825,102.98679174453686
2022-06-01,97.02969105002079,104.71818713780378,100.85903528065849,102.97713908244504,103.17914388653256
2022-06-02,97.64442696062656,104.62021882269642,100.97315025696771,103.32158625792613,103.67653765989485
2022-06-03,97.10176901637149,104.82794209588452,101.10858865289201,103.21834644992396,103.50844403537096
2022-06-06,97.20091613792295,105.1931292042672,101.25747042506703,103.68810625699241,104.06184378657619
2022-06-07,97.51255259727617,104.82012647962864,101.22820943020928,104.17011259914146,104.28047059810382
2022-06-08,97.15454966294618,105.06806831473479,101.2387478655465,104.3819207696862,104.32611090271241
2022-06-09,96.36915923695062,105.06174256611072,101.36407346762128,104.0185093925428,103.73983276296038
2022-06-10,95.416835991542,105.40154647956616,101.22269704986533,103.62983842775486,103.05810983822441
2022-06-13,94.17643055223802,106.62223140992175,101.02833442245623,102.82950409897624,102.4191545559094
2022-06-14,94.08097981983991,106.91644242941958,100.73055507318003,102.28629207138036,102.04802089994428
2022-06-15,94.52825706775414,106.43935908895206,100.6946959970941,102.77010476515957,102.31440945041743
2022-06-16,93.45976596725454,106.26974460061278,100.83648271847203,102.60677734832136,101.55032963254509
2022-06-17,93.52736496022102,106.1056196578576,100.2448115393035,102.96869943233679,101.36231153031173
2022-06-21,94.3082967038756,106.33943668254125,100.26430217043007,103.54252331267885,102.31751921883503
2022-06-22,94.25082463371925,105.79212363400354,100.22128212025372,103.1430989378419,101.70718263191243
2022-06-23,94.55960863570907,105.51317267111855,99.94585303486065,102.70416697524414,101.33757928911606
2022-06-24,95.55358120100112,105.66298160402985,100.15093040196794,103.11974189014859,102.38622901173594
2022-06-27,95.4307656926487,105.9410900917243,100.13874677934966,102.98746694257119,102.38277133715556
2022-06-28,94.76910596767834,105.92031090807797,100.26861390131204,103.02629992827296,102.07204689560486
2022-06-29,94.74317181814192,105.49097026354819,100.0044392543935,103.01114084069138,101.65570472332493
2022-06-30,94.48359072188849,105.06074527126547,99.40206072479457,102.95119112319846,100.85442552397001
2022-07-01,94.81627037709166,104.67316490133636,99.62404168448225,101.99574998126783,100.41974208071723
2022-07-05,94.87614875706815,104.41685030698463,98.81189597068139,102.29600742062881,100.00595559332022
2022-07-06,94.98320514013099,104.76631870812892,98.54585033469732,102.5076375448839,100.23568511144975
2022-07-07,95.45577206300807,105.07501480626446,99.12678018511578,103.24140397722408,101.51113325821
2022-07-08,95.42948400620821,105.35235358407525,99.13915036113046,103.53470308262558,101.84818458040057
2022-07-11,95.06253884048121,104.93874270667385,99.25839876449558,103.17604897998014,101.26664869101909
2022-07-12,94.77976522201548,104.8400268704742,98.83322207721761,103.20184324579418,100.79758384721185
2022-07-13,94.61273574075153,104.50836746911038,98.92368276204886,103.4732149517823,100.71613039012621
2022-07-14,94.5357474106037,104.72286950919938,98.85488013400735,103.59040346836663,100.81627042271593
2022-07-15,95.13450291479091,104.60253477560187,99.01801616459944,103.63717935188515,101.26556283075041
2022-07-18,94.87051809108557,104.72486772097058,99.22489206183853,103.9642206022118,101.49787231362384
2022-07-19,95.71701183654692,104.88345002601092,99.24109091410742,104.07259843708296,102.25340767873368
2022-07-20,95.9205198158574,105.01277188022691,99.28263898267497,104.0741439842223,102.5080449064861
2022-07-21,96.24576729993713,104.5114880072338,99.03117426522513,104.02032327590342,102.21383664558464
2022-07-22,95.94551318551986,103.9112701492715,99.01105251611978,103.85806879680754,101.4920018629164
2022-07-25,95.98450895543766,104.09099892901288,99.29138919112663,104.1965106238624,102.06035909013823
2022-07-26,95.60218667680161,104.06977003432094,99.31657506203126,104.4337419531832,101.94633944096059
2022-07-27,96.42238900032311,103.98837114895758,99.48135229786976,104.53670438068556,102.66909391062316
2022-07-28,96.82461352146565,103.60811907314833,99.38409222305383,104.10148102966656,102.33682620963702
2022-07-29,97.29197824235499,103.51063143243866,99.42809847695978,103.86806551228524,102.48468466829424
2022-08-01,97.1708955707689,103.87833744400005,99.32083360047962,103.76850819222602,102.50432243784233
2022-08-02,96.90097492058761,103.2768894814907,99.31448364660316,103.56656462471211,101.7135203447015
2022-08-03,97.53283872376105,103.42629062636321,99.40087312096219,103.89794777374006,102.63449548197879
2022-08-04,97.50517265988377,103.59346861180398,99.42152251611351,103.58458466619207,102.52255417043428
2022-08-05,97.43595316272196,103.07837623264741,99.53741593080704,103.75483468388478,102.31106819640183
2022-08-08,97.38845615886453,103.34884071174993,99.45847183978121,104.0732237494294,102.64506436307576
2022-08-09,97.22583755581034,103.27869774227267,99.4278260540565,103.94113103592993,102.33864061165224
2022-08-10,98.07395637619078,103.32231624479857,99.46044181724012,104.03501307527978,103.16409445004113
2022-08-11,98.07395637619078,102.86729866836934,99.45198221760585,104.12333498050008,102.86526525085367
2022-08-12,98.76488455689841,103.04601324307666,99.45835806690789,104.31755824204103,103.72380997677762
2022-08-15,98.93532759904606,103.24190707706013,99.52917745750912,103.99978852993068,103.83087290334248
2022-08-16,99.01656471203555,103.14446708607485,99.65009767940725,104.22122999371268,104.09145145052024
2022-08-17,98.72057526591222,102.81182513649168,99.49990642416526,103.82583705089988,103.12911283868813
2022-08-18,98.84080960229056,102.79387912670121,99.45773191153629,103.88806079835256,103.23264391354003
2022-08-19,98.27962592707433,102.2931090481897,99.42856819163391,103.81442316817522,102.28577887141755
2022-08-22,97.41176307124309,102.10344121305816,99.35088322958553,104.19323150928315,101.63142616448036
2022-08-23,97.3127497582391,101.96322650467648,99.14101872656109,104.4109914056209,101.43794240951753
2022-08-24,97.44326775800509,101.7249234484604,98.89565675616431,104.30490076132838,101.07827671933127
2022-08-25,98.0165352073635,102.15136295075207,99.03201706835516,104.59193576220281,102.24522086503922
2022-08-26,96.60010455987094,102.120380945566,98.99040255871891,104.20504062547164,100.64470167169782
2022-08-29,96.33116239806526,101.74540554071802,98.96755469191929,104.40722659258768,100.27521433773012
2022-08-30,95.88492580657224,101.85103279534277,98.99626510938776,103.92386246638732,99.72752077452466
2022-08-31,95.57693489190842,101.61777321419689,99.07772451012843,103.6718306348256,99.22867937708206
2022-09-01,95.71247179015879,101.0700593051088,99.50653226108979,103.62619107597746,99.22276676759445
2022-09-02,95.25319134991645,101.27313821484148,99.31290390787782,103.85931213257258,99.04608327093811
2022-09-06,95.09018906694153,100.6904237476759,99.21351881329645,104.4610297125061,98.85050308080116
2022-09-07,95.85663762525111,100.95839618623627,99.37880956218582,104.3802846428765,99.72317208167996
2022-09-08,96.13933648763623,100.89001027466156,99.34484889540623,104.34696402673814,99.84869425397461
2022-09-09,96.81025326791696,100.77479624510867,99.15287329945474,104.55165989047288,100.29226303780625
2022-09-12,97.27875490527732,100.58516484714981,99.14959282941108,104.80292349493337,100.70915008216399
2022-09-13,95.32105549458917,100.51835398152326,99.1975136860552,104.54173624994243,98.89194676221796
2022-09-14,95.48538893125883,100.61115192557901,99.47229108333278,104.25441347764813,99.10438440300928
2022-09-15,94.991848303263,100.4963585029015,99.66411014783763,103.87796792116121,98.57477297044349
2022-09-16,94.66252914363567,100.4701534291559,99.59153151234112,103.44608070190179,97.99069853407869
2022-09-19,94.99356712647639,100.36254334296547,99.39812367283406,103.46676835414506,98.03713474018794
2022-09-20,94.49710994197349,99.87758821826608,99.39352141257002,103.6546797959797,97.47238892094686
2022-09-21,93.74432896868531,100.34508893331804,99.4531347187062,103.73518336543286,97.33902415202846
2022-09-22,93.38635637923987,99.30173222428775,99.19049365223202,102.9987074391977,95.66211114397116
2022-09-23,92.67205396204457,99.47856822884243,99.5794498026517,102.02579028971775,94.85498381686071
2022-09-26,92.25497290820736,98.65273665865087,99.77466976834307,101.53320491234321,93.92991086047827
2022-09-27,92.1482358267598,98.25183337578811,99.42475119780576,101.69058665630084,93.51362031796604
2022-09-28,92.96103733178596,99.06370968975176,99.10632905471724,101.96833749394949,94.43595716932374
2022-09-29,92.07268429645028,98.98190350103233,99.23129062737107,102.32083399241444,94.11307983980073
2022-09-30,91.42249016756972,98.7824223266261,99.32776508291583,102.34689558037533,93.68633026575543
2022-10-03,92.41884103226322,99.28085632047316,99.06834223741961,103.05353244298776,94.80625382014225
2022-10-04,93.5983236419602,99.44937825879579,98.7801103953794,102.89961160773618,95.3773659050586
2022-10-05,93.50708352211699,98.99387588113142,98.66878704569959,102.70844715498843,94.92479654664162
2022-10-06,93.101579595021,98.80596937986064,98.52786677247435,102.19293890329185,94.2515741735613
2022-10-07,92.00004338571429,98.65185905666239,98.20300552701678,102.18198954865112,93.35480091215149
2022-10-10,91.70513448419497,98.65185905666239,98.31970448772529,102.18198954865112,93.35480091215149
2022-10-11,91.46146854741221,98.51054355142269,98.40291230995581,102.1891708899074,93.18849197577993
2022-10-12,91.33509993806625,98.56668945296543,98.41445589846303,102.20985631786368,93.16365886680285
2022-10-13,92.33011393044877,98.50092167967036,98.28038276756519,102.87187128427782,93.96026694141771
2022-10-14,91.43996979627518,98.39511729909263,98.44140140674304,102.51355953499348,93.28190040156791
2022-10-17,92.41024627439994,98.29062484344455,98.28445674925615,103.4822867531911,94.18938809401871
2022-10-18,92.86169489032716,98.31296649737202,98.38310625626316,103.04890767549355,94.29018164745698
2022-10-19,92.58550346226971,97.88588943633705,98.15349360430315,103.1209937371026,93.83963179387761
2022-10-20,92.25945401250173,97.52754055099024,98.20448497010695,103.56467652088651,93.71779693152105
2022-10-21,93.18589714037789,97.53210055903968,98.03573457338175,102.73444151910098,93.73623721415193
2022-10-24,93.65988857757958,97.3783066337491,98.01284000403379,102.95079224356607,94.02544490634452
2022-10-25,94.28043329056017,97.9326194683019,97.90454571856355,103.50278463236313,94.94688508597895
2022-10-26,93.982243838643,98.1625972653863,97.73059980088514,103.85281694309137,94.99230031073597
2022-10-27,93.77178934189165,98.40495426750839,97.33918544566579,103.78377509078275,94.7481351896261
2022-10-28,94.69387241450994,98.2587056008882,97.49656443596393,103.93717448526276,95.39531644079459
2022-10-31,94.40605511982372,98.01875553311214,98.00293352183981,104.17826039626684,95.51398978599437
2022-11-01,94.2484552299007,98.17430666098767,97.95622696760246,103.9048601519098,95.32913082619531
2022-11-02,93.33656321187087,98.11223950655199,97.70536323963778,103.77729820348954,94.48750116003201
2022-11-03,92.96880735931636,98.03414311083428,97.91050306905183,102.84281151167659,93.77920154701003
2022-11-04,93.47456360569585,97.84826879990088,97.65127545673582,103.25621476183753,94.06693527312925
2022-11-07,93.81332579751448,97.67797208380293,97.58852695723608,103.5114069190856,94.28276194537264
2022-11-08,94.00548405907139,98.0034395681464,97.82937153262584,103.76459052496519,94.89688751304433
2022-11-09,93.26053503820918,98.03570944795827,98.01549088270218,102.93300659351046,94.05172882920468
2022-11-10,95.15977919948891,99.19203052630834,97.86144943278985,103.01785927788207,95.96406125194682
2022-11-11,95.50869330988128,99.19203052630834,97.79597307427167,103.01785927788207,95.96406125194682
2022-11-14,95.19808894182007,98.95747124876341,97.95885282073529,102.82683470406893,95.6136356624657
2022-11-15,95.50586553496142,99.22896644772153,97.96577535214097,103.42394646350516,96.18993889134411
2022-11-16,95.22744015355828,99.70507408299648,97.97143028556627,103.14275191663538,96.15094780707018
2022-11-17,95.11635359025206,99.38981392884345,98.08251337332221,102.952443267191,95.89828035509512
2022-11-18,95.2803797937985,99.27136045561666,98.18603421088541,103.1951253922424,96.10173254850241
2022-11-21,95.14825607355534,99.2100397066574,98.07284955057723,103.23343208067142,95.95410891707888
2022-11-22,95.6324241684823,99.465916113149,97.89683781068787,103.49265250950681,96.40989111953627
2022-11-23,95.86111414112214,99.65219445341563,97.91043296514914,103.68661945884354,96.76282868302117
2022-11-25,95.85294398617494,99.7353808194232,98.10602713991256,103.84730623909464,97.00825521945289
2022-11-28,95.26600285683695,99.7309122668639,98.10741340587151,103.24355978844562,96.30910841793923
2022-11-29,95.2036622244873,99.50100993519351,98.02172233842329,103.0914844250831,95.99339600797018
2022-11-30,96.32698715372541,99.7044669311122,97.93875817052353,103.54847594329446,97.01560307013176
2022-12-01,96.29743699858226,100.22806237306989,98.10168746777174,103.26476683973085,97.25011287715452
2022-12-02,96.2510988450396,100.34597935995626,98.37513985550942,103.10733680057305,97.36258541892836
2022-12-05,95.52283508552749,100.08949829214319,98.86535827641825,102.79692203704316,96.8812431966113
2022-12-06,94.94474012234733,100.40965379371343,99.13553699327075,102.84564750429975,96.9026519953355
2022-12-07,94.87736339273822,100.72413678453897,99.36520452045443,102.90842266576072,97.23004305071888
2022-12-08,95.18595163669107,100.5109125137319,99.28652760684129,103.10891186221664,97.37520723387082
2022-12-09,94.88846610749403,100.13840120734301,99.30201818510714,103.57825539330823,97.23761700828811
2022-12-12,95.45459557964664,100.02077452456966,98.96125637507063,103.43660851732628,97.23711853052627
2022-12-13,95.75464137485153,100.29143209759543,98.593875945308,103.48341570292565,97.4147210227598
2022-12-14,95.49863815179395,100.39097283440938,98.3779866331822,103.40334885725694,97.08557205790638
2022-12-15,94.51285373859561,100.61666663158877,98.40161158131843,102.76658209805424,96.06913589252021
2022-12-16,94.0449975034414,100.36859945280814,98.68719510283232,102.3171241167149,95.4165545222821
2022-12-19,93.71119692281891,100.02876553595526,98.78309672071806,102.51619217585693,95.1387907741959
2022-12-20,93.76461138602993,99.45968077611023,98.80202303200988,100.41493324530248,93.3886046919555
2022-12-21,94.3446458399672,99.46489175772024,98.61234629859096,100.85959962706856,93.99412805611813
2022-12-22,93.7796116304843,99.53830851329614,98.73312189736836,100.67014147292205,93.65561672973142
2022-12-23,94.00381319346556,99.24529675063401,98.3639841285154,100.92938872672094,93.55672127544662
2022-12-27,93.84899849616941,98.83562911637155,98.28580226735446,101.09159695734982,93.26522062930846
2022-12-28,93.3598139239754,98.63894876676729,98.42514530087462,101.46781779415781,93.14072680744876
2022-12-29,94.05402675700847,98.89683822209749,98.52328353545965,101.24713480099783,93.68768729028541
2022-12-30,93.94967068069036,98.73667717725667,98.32469007167141,100.97806940910945,93.21497315926742
2023-01-03,93.764393405716,99.14769128456338,98.91121082339998,100.46561111349726,93.41118726663366
2023-01-04,94.1014886780725,99.58580555762452,99.2533893959657,101.58111007421866,94.86770538030562
2023-01-05,93.5965335939469,99.58580555762452,99.33468617009984,101.24446968636629,94.33839168833383
2023-01-06,94.58854539853152,100.10659413130571,99.337149108782,101.64739388510182,95.4906560029032
2023-01-09,94.5634681505334,100.14894404997305,99.15852297607937,101.85999077635688,95.51752601883608
2023-01-10,94.87238907139954,99.8381205715788,99.10471591978538,101.64477029251519,95.38036054054318
2023-01-11,95.4297919735918,100.12148606584195,98.80702569519839,101.72472637321965,95.7485708453548
2023-01-12,95.59191192056586,100.54991479879733,98.70862824910337,101.07753068239501,95.66771773206209
2023-01-13,95.76493299604702,100.37265206194147,98.64967795399869,100.63163125089119,95.37190796657056
2023-01-17,95.68285344551653,100.14939066046725,98.56502280813976,101.18834651540129,95.46948406533858
2023-01-18,94.97105220137297,100.77014882074944,98.70408894638072,101.48214201085585,95.662333207533
2023-01-19,94.64667826669894,100.7067701864519,98.5098425273053,101.01725392482315,94.97597853690586
2023-01-20,95.46331880368592,100.36166963607273,98.37953615432158,101.75930291063264,95.7181108199455
2023-01-23,95.99557035182785,100.25187348601226,98.13745285356137,102.22793618090031,96.15480287825065
2023-01-24,95.94737202641836,100.42997795607893,98.41828861409498,101.98855079803464,96.27184596528096
2023-01-25,95.96418001132331,100.41979277717775,98.60449631828074,102.14513704880864,96.50392597103543
2023-01-26,96.45451623773404,100.34184291233139,98.56506379304267,102.53938349445974,97.03737483769618
2023-01-27,96.55799803886728,100.21866415925966,98.68811733608284,102.51392660870704,97.09710000066988
2023-01-30,95.98809203705402,100.13607783000798,99.19781117962062,102.44460302013678,96.93801238837565
2023-01-31,96.64116237494942,100.24333572751671,99.02337528888127,102.14042274698684,97.16832200758836
2023-02-01,97.21836347317657,100.78416833285564,99.53963598997561,101.71570827245343,98.10611546785884
2023-02-02,98.01213214503933,100.73010479432808,99.62383943804211,101.41932599620596,98.54114120883334
2023-02-03,97.4204267158423,100.3057259864884,100.03951234535167,101.19012608789566,97.91312451887879
2023-02-06,97.08301754317765,99.94570333909442,99.9076750605739,101.41999326340692,97.44901374811604
2023-02-07,97.7957135211122,99.77663022617614,99.46914740282249,101.40820035248332,97.53549388144963
2023-02-08,97.18822828412299,99.95542948362946,99.49726366454364,101.62490972803546,97.38212237836757
2023-02-09,96.71015463594871,99.7837799051429,99.57694234263515,101.78024572108583,97.0422377402277
2023-02-10,96.83751287420903,99.43988540982984,99.34560521266265,101.71352483043819,96.62877960147928
2023-02-13,97.47599940144663,99.57040748593055,99.31572393806593,102.38257606150867,97.79572083880169
2023-02-14,97.45065443926701,99.39940254972248,99.29816694528412,102.52943005517925,97.73481397508716
2023-02-15,97.6291503587107,99.20616504012332,99.44135673441879,102.23255422642062,97.61228024217561
2023-02-16,96.86442945410047,98.92918335037646,99.60132331499246,102.09566833750281,96.7777793720316
2023-02-17,96.72755026434442,99.12924864101532,99.9043900048589,102.04648376034031,97.0386867995761
2023-02-21,95.62012315938291,98.48037943350792,99.9520770417673,102.6320355221799,96.09334436986146
2023-02-22,95.54562761657932,98.58231399765796,100.1812589539981,102.32669922346274,96.0586046994723
2023-02-23,95.83199969702142,98.84337074055011,99.95576972770746,102.154635580058,96.19225305440318
2023-02-24,95.25054590097085,98.6100590195805,99.76948478482146,102.22779202269156,95.42071491020303
2023-02-27,95.43350485939757,98.77243490649754,99.61107915168392,102.25325491448787,95.60415671435794
2023-02-28,95.23291489370543,98.80905303973412,99.43063364314803,102.4751956613433,95.49337036687953
2023-03-01,95.00794267488473,98.40335655461129,98.95909174244176,102.09476865059631,94.25560152669217
2023-03-02,95.46034833958417,97.99963950531824,98.92878129700472,102.10698199820953,94.29544815944159
2023-03-03,96.39388729209891,98.57930527857279,98.63838574577505,102.22313085522505,95.36159947153963
2023-03-06,96.43492305627089,98.56083530554153,98.77696191763285,101.95113127575783,95.28017383944865
2023-03-07,95.51930007556072,98.73924005989058,99.05350398754489,101.27317664135056,94.41856918384637
2023-03-08,95.61506208732135,98.74518603848628,99.23706031451387,101.39198520727905,94.7305920864671
2023-03-09,94.52063292045543,98.83616934833597,99.45218210525492,101.40894902430276,94.12483921959004
2023-03-10,93.67623075037757,99.75665830303076,99.28983787572426,101.11902518328422,93.81570066502594
2023-03-13,93.59411800044496,99.89315572586517,99.37232934118711,101.12090308431124,93.9159695243059
2023-03-14,94.53726753146292,99.64294925808255,99.67877499201828,101.32636622586648,94.88707903460242
2023-03-15,94.17270317260764,99.98662214902126,100.21044386356883,100.91431414356306,94.95560451026996
2023-03-16,95.17945286436493,99.97003396683334,100.00865311691992,101.1494756805837,95.77552207262663
2023-03-17,94.49138317313758,100.44781820717826,100.13741267011764,101.05122055015502,95.60769776657652
2023-03-20,95.04718067236047,100.16327293694991,100.11034103162191,101.19177988870467,95.92570586020072
2023-03-21,95.80927869221037,99.84757254831766,99.94711519888668,100.70259506931814,95.7998465790687
2023-03-22,94.79677583343613,100.15925321808142,99.84829425836075,101.05098589303655,95.4000563333835
2023-03-23,94.95407657504315,100.43337117994693,99.95617273447102,100.69433849782243,95.56053025504535
2023-03-24,95.33581143330574,100.43337117994693,99.95947579395396,100.32023011015863,95.58888775256659
2023-03-27,95.44527259281688,99.88479252001802,99.65169544509148,100.63403712571541,95.220539174536
2023-03-28,95.31345034443201,99.87342433548172,99.63891499037923,100.87372404058006,95.28784770249055
2023-03-29,96.1588210878937,99.84137287465448,99.86213211503251,101.18512596870717,96.54278998089772
2023-03-30,96.50387542206099,99.96254422512976,99.77410866540556,101.23139173305582,96.9563713360253
2023-03-31,97.3336716591392,100.27525999057897,99.52599416783534,101.36457099155103,97.86354393964676
2023-04-03,97.5536961022413,100.43329986999242,99.4776907642001,101.74899001306477,98.49509334985194
2023-04-04,97.2311179872339,100.70266260658076,99.42932842835516,101.38503123219122,98.09325885540474
2023-04-05,97.07962177719455,100.9129493987407,99.41682984346023,101.19798671906449,97.97018908424751
2023-04-06,97.30425521820665,100.94933761571039,99.59708191709427,100.99158357682576,98.18280326042726
2023-04-07,97.30425521820665,100.63465183562394,99.59708191709427,101.03643358141792,98.18280326042726
2023-04-10,97.36358476938682,100.55855256246689,99.47764432418982,101.3225377279644,98.31603752683071
2023-04-11,97.37911541180257,100.48260448614035,99.48519113990186,101.35916767698676,98.30143112418239
2023-04-12,97.14273362202505,100.4956264946492,99.43878844142363,101.38897180540383,98.06684227332818
2023-04-13,97.90456929949191,100.26770978708008,99.53314701132786,101.61225168603933,98.91946635476164
2023-04-14,97.76225780658162,99.99868828391568,99.49280564241606,101.48586669779324,98.33412782746504
2023-04-17,97.97037489336219,99.6360426005339,99.40057451896435,101.70211977077395,98.3054301633258
2023-04-18,98.00832948078269,99.77608843838051,99.32924182553984,101.78481731245827,98.4907497757505
2023-04-19,97.99849936576067,99.72056509300707,99.40874821773076,102.06179664791846,98.7812437579194
2023-04-20,97.67979216917865,99.96231789790814,99.4896629600303,102.04243951956772,98.7599561186979
2023-04-21,97.7248674345523,99.80809621784026,99.50536584202547,101.64487965802853,98.24403022908406
2023-04-24,97.78542916026035,100.06764139184476,99.40968329536518,101.56149494749735,98.40199254735761
2023-04-25,96.8554837309863,100.49375170411525,99.53768005302402,101.16247798553437,97.52661011479795
2023-04-26,96.61114205221222,100.34730079954836,99.88210268212322,101.0120646199689,97.29958745064377
2023-04-27,97.74301962156511,99.92698864769719,99.680358828061,101.17311473568562,98.07567718038331
2023-04-28,98.23510162382878,100.50144216637689,99.57842753614769,102.00046781454697,100.1054290995818
2023-05-01,98.16776957592849,99.63748861894305,99.72243197087859,102.4747750104871,99.7449097366975
2023-05-02,97.41506862062354,100.34511917881521,100.3187037902642,102.27299851656733,100.05573614287022
2023-05-03,96.95991137553706,100.5771375820451,100.80493884979273,102.02383193213535,100.06041651135014
2023-05-04,96.49237137719528,100.46956652885245,100.83693173645764,101.8333738778819,99.35441007466957
2023-05-05,97.6930836448667,100.30283771866763,100.48089605358909,102.70970053748731,100.89543662925315
2023-05-08,97.71074007974374,99.97256697368877,100.10114632350206,102.93814808594537,100.43944540609895
2023-05-09,97.41943068437763,99.93051764694609,100.01306794445534,102.99916102019363,100.12433405831749
2023-05-10,97.72748910218098,100.33710521676613,100.08820318509935,102.83692426468525,100.68002491896353
2023-05-11,97.61177893069586,100.54752116402106,100.28008213966663,102.25907347043301,100.43118794857958
2023-05-12,97.52495372813483,100.27470192196941,100.37071282700825,102.43740127931802,100.34569222927283
2023-05-15,97.7528053677315,100.06548173835151,100.05580093546907,102.98015463544603,100.5669699263022
2023-05-16,97.30816708534397,99.92943910156922,100.07902695950884,102.87167651135074,99.92887808149838
2023-05-17,98.10464366635176,99.83522693417355,99.76857932520808,103.12910960397966,100.57175794688536
2023-05-18,98.74268193126974,99.52646171728165,99.67565236096291,103.25649803348207,100.9328157834665
2023-05-19,98.64514592325907,99.28246805793388,99.74767381379097,103.25291141513439,100.66472874010202
2023-05-22,98.67232273043922,99.17727770815833,99.73350323143787,103.361256956301,100.67695622952985
2023-05-23,97.91685249445649,99.2570374493967,99.73324693485331,103.38548373392665,100.00342756391127
2023-05-24,97.43388548354551,99.14082942873311,99.43723508555486,102.90598753804161,98.57452051606927
2023-05-25,98.00379919209807,98.77543182015974,99.80681729853654,102.87672687882865,99.14604025965029
2023-05-26,98.85927390884967,99.02699314257106,99.77247296604821,103.20849659241067,100.44930655263128
2023-05-30,98.88480937987208,99.61727558781881,100.11626886123616,103.19352199356445,101.34586675033668
2023-05-31,98.5102376478806,99.85597986595826,100.32474741289457,103.1737118704556,101.38900506975574
2023-06-01,99.21570202956464,99.94351046226716,100.03625561812576,103.59450087422097,102.17329754500877
2023-06-02,100.29449004326241,99.68349025795332,99.97355320549657,104.00777345437349,103.19947239381474
2023-06-05,100.14879803555321,99.62731899067094,99.89637509987051,103.96551667617899,102.91989915112008
2023-06-06,100.31377422402264,99.63439567736133,99.96958598030731,104.29090593518046,103.38708150937697
2023-06-07,100.05063478968985,99.1166642177023,99.92451551851543,104.38868288144782,102.75452186319181
2023-06-08,100.50753700311257,99.46083184239755,99.95010312326042,104.36028915167283,103.45195468074687
2023-06-09,100.64399434493868,99.43237486162938,100.1073196860945,104.92024961440585,104.15362436072061
2023-06-12,101.3323220253437,99.50330302907722,100.20219517977067,104.80018621509247,104.79920866949904
2023-06-13,101.8366113146006,98.95437925107689,99.95922848237787,105.27611123414688,104.93780621009078
2023-06-14,101.92838609871424,99.12674764010545,100.07658526321946,105.44263260313215,105.41366880032984
2023-06-15,102.87949750033647,99.65522222312804,99.71114479808242,105.94004051450302,106.84798485788043
2023-06-16,102.61365888820538,99.44513321974125,99.51214335027011,106.4811282856701,106.69988415719176
2023-06-20,102.20943957580874,99.60225992368072,99.68284234665259,105.66889504953998,106.00127609101264
2023-06-21,101.81180937360396,99.7277013236798,99.40976499985715,105.74826080497523,105.60202347171234
2023-06-22,102.08963499861025,99.34226161703009,99.5740534402784,105.84890617726326,105.7278991703448
2023-06-23,101.50292757748551,99.64864112230009,99.53796164066566,105.80245026428608,105.42462212411475
2023-06-26,101.18821682802523,99.69179394028333,99.47263781300876,105.71231875033806,105.04911071935598
2023-06-27,102.02377295548479,99.49709095782723,99.5898391993019,105.74725920864283,105.76622140397211
2023-06-28,102.06273413542684,99.85319270953009,99.71941953244522,105.29440748548198,105.85861013427922
2023-06-29,102.36677486046402,99.1405720472191,99.63926124963497,105.53553300461596,105.60811105558714
2023-06-30,103.27340420719648,99.4088308717857,99.51192256938415,105.80189172333179,106.84315373586048
2023-07-03,103.37980822159503,99.20098428969636,99.81801238308736,105.86851859031657,107.10803514699614
2023-07-05,103.24194604461756,98.65231717681313,99.4320215190245,106.03731156928247,106.25562697273077
2023-07-06,102.51467026668732,98.10433078856461,99.38526965664674,105.67030398941817,104.68436827999088
2023-07-07,102.28245005142753,97.98264933764438,99.11419967419131,105.58950447305135,104.04209625315907
2023-07-10,102.51414423243061,98.14694416191577,99.25462577555842,105.21554436772979,104.18991162958662
2023-07-11,103.09729564397794,98.29715403678622,99.11477765422505,105.09333118339566,104.5713884976978
2023-07-12,103.83760782338702,98.8415358785758,98.9216152763518,104.95577663599589,105.37382813415603
2023-07-13,104.57318858843887,99.26333886316559,98.77093191924399,105.53681393260163,106.71297418732229
2023-07-14,104.51482142204054,99.05825442522234,98.89253191283102,105.44066258713627,106.51282781149702
2023-07-17,104.83943979917403,99.16787250036158,98.99081530146161,105.27186812177362,106.8010315028177
2023-07-18,105.53490765540188,99.22373146971348,98.8844498955981,105.23672641357915,107.2784177296169
2023-07-19,105.74497496716164,99.51079473401893,98.78786618225561,104.7916060930635,107.25100360815397
2023-07-20,105.1142227800839,98.9966526372067,98.84452944608188,105.12548741842522,106.61616159070518
2023-07-21,105.1142227800839,99.08216846337923,98.54467161852833,105.34278397890435,106.60708641722351
2023-07-24,105.53405318104858,98.95676046044728,98.28057489572683,105.32296975553517,106.59472865968995
2023-07-25,105.79187917336507,98.71828733905448,98.31714108439658,105.75887967196935,107.00921277477904
2023-07-26,105.80645134977482,98.97552387334498,98.14926848136042,105.48822184686483,106.86535778285051
2023-07-27,105.17575676730435,98.1927339009332,97.77909931364583,105.67966529997868,105.34526469215312
2023-07-28,106.09396558135367,98.4405613022796,97.83039584345781,105.04217036020451,105.90559515525915
2023-07-31,106.27195746519166,98.39972985689658,97.75796084122723,105.83808881885264,106.61168690549555
2023-08-01,105.95832709741369,98.02066047601886,97.64776798830327,105.312809658034,105.46506115336751
2023-08-02,104.4296620929356,97.80778841344971,97.32722416701898,104.87151137672961,103.35690171280272
2023-08-03,104.12098624887669,97.18750410618526,97.5923056657088,104.69667362634702,102.68654429624642
2023-08-04,103.63490220169611,97.85628028585802,97.6757474188841,104.7216296367969,102.90597620627855
2023-08-07,104.5624659336146,97.63396647427086,97.72360092797882,104.77866643395126,103.42342456404545
2023-08-08,104.09315383569802,97.93510082043291,97.9681846719487,104.7381120871721,103.47273757165965
2023-08-09,103.37406470962758,98.08092016508053,98.46474856237298,104.79651761997832,103.48723395943844
2023-08-10,103.4122799020463,97.68965958349075,98.13687384742768,105.10880373825933,103.20062155245368
2023-08-11,103.35015500634216,97.42890968765273,98.20421106804935,104.992159027359,102.92631803777923
2023-08-14,103.93608325772776,97.36128638747556,98.06662716338779,105.23358358982145,103.37213276012407
2023-08-15,102.68184660504336,97.22485849046582,97.73268251730272,105.34330282597806,102.13477743593072
2023-08-16,101.90296826626341,96.93887033042301,97.60936810640291,105.29472190459481,101.17420343338036
2023-08-17,101.1002030731727,96.80657325555276,97.72170748145649,105.37852895210797,100.6487890435132
2023-08-18,101.15031921203772,96.98317647403825,97.8042999076012,105.03806730152631,100.64420858078876
2023-08-21,101.82589727074412,96.63172277388304,97.71239872036567,105.1732074086949,100.88407111162654
2023-08-22,101.54145960271642,96.68933337237473,97.68743185377488,105.39246616195624,100.85724894865402
2023-08-23,102.69976713736494,97.37907496855314,97.50597960910426,105.23846673696528,101.9958978799099
2023-08-24,101.22366142298891,97.20163134760156,97.5883803118426,105.17074687665291,100.74809380765277
2023-08-25,101.95600250731647,97.15966485458324,98.0125421596748,105.13858033936168,101.52905748591232
2023-08-28,102.61976998277783,97.34737919906658,97.79739773092405,105.29212820917941,102.053537634509
2023-08-29,104.13650053628291,97.6243292564862,97.84256207786896,105.31790878004837,103.29511599171019
2023-08-30,104.57733944243498,97.65827466865746,97.997008685787,105.60603570873619,103.91123803543275
2023-08-31,104.41527107640536,97.75493339280102,98.09300326683544,105.51174020044347,103.88072880009072
2023-09-01,104.57516934466939,97.30310018567863,97.90089026200991,105.50730677471701,103.55033622043224
2023-09-05,104.20291071985812,96.90081296103442,97.94584500464725,105.674034835767,103.17308035449796
2023-09-06,103.62525709646111,96.82589425514642,97.93002809973711,105.46877169517413,102.60068306574178
2023-09-07,103.3633579418038,96.8994418544055,97.99673109659416,105.3213870624324,102.42938798619068
2023-09-08,103.4912243669122,96.99853310021967,98.19104690742624,105.47303590686417,102.82286133593415
2023-09-11,104.04876569289081,96.82434775332919,98.33865344615388,105.48942842200888,103.19842228380702
2023-09-12,103.57837158733048,96.94758908271305,98.51969092203116,105.50423630670296,103.10577901433359
2023-09-13,103.6775806568672,97.03572142195821,98.5796638327106,105.60842906737695,103.36392738887153
2023-09-14,104.40914293568883,96.85473235514839,98.75739408673078,105.70204142688226,103.9708905913749
2023-09-15,103.36897674069303,96.64237963273402,98.59387804397014,105.76376491253315,102.91956424567377
2023-09-18,103.41879380036363,96.74363077618577,98.59019407585508,105.6725305426593,102.96923220351918
2023-09-19,103.24233004720168,96.47608721297138,98.7051677654449,105.83437512131472,102.83545633227884
2023-09-20,102.45865692385696,96.65888111130394,98.44526652175618,105.95130803154585,102.27441285574628
2023-09-21,101.05520046844872,95.76636631357435,98.34651776002404,105.3038611380089,99.88428783851326
2023-09-22,100.86825538410223,96.0597407359603,98.23621546277064,105.60188118936615,100.11271011192167
2023-09-25,101.216129056785,95.46306561032944,98.1359643540062,105.67184075507427,99.92923475332496
2023-09-26,99.98494203857163,95.35029546218493,98.18811732725922,105.53605292125418,99.07786882285245
2023-09-27,100.01773461000391,95.17008552247478,98.67986681644155,105.59199645178386,99.32271742945032
2023-09-28,100.49292928681426,95.2036888626229,98.5372343209509,105.92579335309821,99.73237444874587
2023-09-29,100.2921943448811,95.1922694306948,98.39925752424021,106.09785997461574,99.61513645223685
2023-10-02,100.2594737769008,94.7684799779177,98.11299898977659,105.77861186423098,98.94241332416279
2023-10-03,99.15155077126245,94.15203437200624,98.27744558658961,105.08530885613239,97.498659400561
2023-10-04,99.74146157792798,94.45422299951002,98.09342965834466,105.32473438497279,98.1013003577813
2023-10-05,99.71063358617519,94.48106081617959,97.96716238231811,105.33601724404605,98.03318495807271
2023-10-06,100.67565933624137,94.24396723638124,98.1436479639538,105.78877114437901,98.78800559299864
2023-10-09,101.20251451906763,94.24396723638124,98.33190264681227,105.78877114437901,98.78800559299864
2023-10-10,101.63331126252395,94.70952941690574,98.33975687925277,105.92284546578499,99.41120042562976
2023-10-11,101.9739837042968,95.14827254326707,98.28396375380922,105.9805134435663,99.8765919755471
2023-10-12,101.4626612243784,94.63960668134315,98.35389998793221,105.64013143976305,99.12060808632947
2023-10-13,101.0472240025423,94.94819346543412,98.49941191694901,105.29833704889566,98.9674552074978
2023-10-16,101.91445939200392,94.63845167888239,98.29304268610964,105.62823231709882,99.33753916609417
2023-10-17,101.91063363321521,94.1998761695793,98.27977979895236,105.76120390223946,99.12414389246985
2023-10-18,100.78960901385194,93.8435008680147,98.19190904841057,105.60138040859816,98.07255281499991
2023-10-19,100.06022285363647,93.49540381570742,98.17571859448907,105.39833041888274,97.2619405358408
2023-10-20,99.04575948467375,93.64115857550978,98.07348605890489,105.29515633009403,96.64407154085633
2023-10-23,98.90487303030056,93.91605477804065,97.97503225878164,105.46329946970641,96.7641417623206
2023-10-24,99.51403766241714,94.01650394500784,97.97965079568726,105.54239637390621,97.22244979948498
2023-10-25,98.33438693306206,93.55557325128856,98.03705341533617,105.43157299092107,96.2046187887766
2023-10-26,97.36301987481927,93.89435040226097,98.1827733567442,105.53726588551781,95.98153901031
2023-10-27,97.00030136550019,93.9508966905247,98.156167500289,105.4735627242053,95.75740172765317
2023-10-30,97.9456310705946,93.81969486683482,98.21664266675202,105.37793668355735,96.22051871136938
2023-10-31,98.44647619461149,93.85826055727262,98.35045551303476,105.88775769504757,96.91566051293002
2023-11-01,99.19785082216482,94.22886796741247,98.36791068260277,106.04623808581223,97.71634058553184
2023-11-02,100.55269408159981,94.71980287214477,98.26127105207438,106.15269727048285,98.8489157773706
2023-11-03,101.20972066157931,95.02221703251199,98.40442673206935,106.60965861329983,99.77459062500404
2023-11-06,101.3770527007853,94.68441144664689,98.16949366434493,106.7064156445622,99.58312366093278
2023-11-07,101.58434810993067,95.05539017460873,98.18603477660761,106.33219225094312,99.72738874810875
2023-11-08,101.63785807128185,95.4631200821632,98.25198920613441,106.31374502342071,100.02830849077688
2023-11-09,101.06532672409716,95.00298179768035,98.21142154772274,106.33519306257465,99.4047190452116
2023-11-10,102.19126067553262,95.05371023867133,98.19001303926284,106.34428276519805,100.09119963802004
2023-11-13,102.12114683301775,94.95576284508884,98.15874531515091,106.28672193524436,99.93703577274457
2023-11-14,103.53293816118554,95.537854929549,98.11924262725415,106.82943914099661,101.40157709462197
2023-11-15,103.69046937871069,95.24876149203985,98.10546659123226,106.95269474172673,101.37111295201066
2023-11-16,103.78166035833772,95.50103505041544,98.16100046903541,106.4832980866726,101.3549819283995
2023-11-17,103.87446808818524,95.58444217535522,98.05126404136651,106.39195949377938,101.34323852966037
2023-11-20,104.44755326879402,95.67307293944299,97.9090311447243,106.36699247691055,101.62023587972344
2023-11-21,104.28359508672762,95.68676386817316,97.78830412626206,106.53231977149544,101.55369451781134
2023-11-22,104.57273059643335,95.67268190320014,97.84452457478048,106.7792965140633,101.89394358980304
2023-11-23,104.57273059643335,95.67268190320014,97.9205995455005,106.7792965140633,101.89394358980304
2023-11-24,104.61899746957603,95.48390515133967,97.91423981154718,107.25698149866865,102.07750077824403
2023-11-27,104.4833195005412,95.76291404227632,97.80821660180763,107.18913755494808,102.07161385739774
2023-11-28,104.55770596732525,95.87990464939922,97.63196886602285,107.27657420765806,102.13522481095683
2023-11-29,104.50477616874653,96.10982619508002,97.71809786762431,107.05671274245599,102.18543027728957
2023-11-30,104.79786689591432,95.73130762301787,97.84052110008605,107.23699556798127,102.31431970155363
2023-12-01,105.31292862895845,96.26648035988588,98.28323808180282,107.53206838177786,103.62679439735845
2023-12-04,104.85108785846455,96.06755682055336,98.20451720021578,107.38429468649568,102.96250162541818
2023-12-05,104.83386026590502,96.44230291571107,98.31081676506467,107.00416179391826,103.05168606247823
2023-12-06,104.4811450634135,96.74495991981715,98.52488849025526,107.08169522421176,103.23921018274199
2023-12-07,105.14290004508791,96.63556577600764,98.62694381582227,106.39627790735622,103.22748089064669
2023-12-08,105.51873917725285,96.36204995365468,98.41339412184723,106.46757563666999,103.17159083389438
2023-12-11,105.86005581279088,96.36204995365468,98.23778980980013,106.88849066265902,103.58618264949678
2023-12-12,106.26198776871642,96.52066323284393,98.47289976734271,106.45703047599963,103.88798860532012
2023-12-13,107.47464282178292,96.99640436282179,98.31917328921764,106.44165413409151,105.07424610368321
2023-12-14,107.76159067801801,97.48500275586014,98.065719813869,106.22243784470082,105.33200358946178
2023-12-15,107.61363459311424,97.60501275283232,98.10358578111179,106.46763898334919,105.53263257569992
2023-12-18,108.11659982632263,97.41401597330469,97.96848549504597,106.42242612315569,105.60665528952123
2023-12-19,108.66273855081783,97.48612751341119,97.79499384479837,107.16530509913866,106.52224838650324
2023-12-20,107.39931456342298,97.74332208190745,97.7260932555027,106.99661751540937,105.54706137071635
2023-12-21,108.24383348058969,97.5861947793147,97.94641246294837,106.60983972924438,105.9546680673616
2023-12-22,108.42492088706328,97.51532455604,98.09258648932763,106.91722531927176,106.38687527849906
2023-12-26,108.80558425736389,97.50975263785016,97.88089119789971,106.83594603809279,106.43139913288653
2023-12-27,108.9693567544948,97.95719909431762,98.09061969029366,106.8787213666688,107.16244461751663
2023-12-28,109.00365287687144,97.76105287024754,98.36460718512684,106.59076578065778,107.0228216745182
2023-12-29,108.73799769229944,97.52081327756747,98.30264040768398,106.50050287400492,106.4679752805853
2024-01-02,108.16415031522753,97.27073031483779,98.36574934803454,106.48018320432155,105.8084738611069
2024-01-03,107.33006511876238,97.48190698798776,97.90695282391803,106.85339571427208,105.20926570650171
2024-01-04,107.00443493580192,97.1138495586206,97.88879019466447,107.07621446219129,104.77239872029817
2024-01-05,107.1421591112225,96.81346755536136,97.72054189871216,107.28933146153202,104.63564716317117
2024-01-08,108.57032796043737,96.97878371712454,97.9791222201632,107.11647820672334,106.09083541972456
2024-01-09,108.41534393352536,96.9254551165695,97.52528058766823,107.09727631234375,105.44896528413037
2024-01-10,108.99028760995708,96.82863096602578,97.77491786244553,107.41259006478916,106.27332613739458
2024-01-11,108.9451071233375,97.02796204424426,97.5105586737355,107.28883662327877,106.08448003985
2024-01-12,109.0160502969348,96.98946474167231,97.327154168931,107.25743020893161,105.92361396464585
2024-01-16,108.63900765153984,96.44814581579494,97.62158697466626,107.28534513828404,105.42809609897017
2024-01-17,108.06954348670077,96.42808842393646,97.62169035714918,107.43203553503253,105.06799583514257
2024-01-18,108.96927781721992,96.20273047414823,97.49270107333687,107.5779691998121,105.6045394998752
2024-01-19,110.23881629324404,96.20917123702539,97.7226103236643,107.58679579325081,106.89906458165848
2024-01-22,110.45776988423792,96.41790101547646,97.5094990817988,107.68815256840054,107.17163793720692
2024-01-23,110.76027072354661,96.15495300371033,97.58445867443419,107.76963598538782,107.30465112974292
2024-01-24,110.87405510335626,95.95017128242661,97.43976371223634,107.68198164210776,107.00223862596093
2024-01-25,111.43959891091839,96.11477425836387,97.07591894294222,107.73858701663714,107.3320070922527
2024-01-26,111.3063819610101,96.13572487587948,96.82572421627006,107.82043752978265,107.06947006545657
2024-01-29,112.13203753626641,96.51388413375781,97.13751812564027,107.87623875573438,108.51619385430699
2024-01-30,112.05044540477572,96.75026953640116,97.32712507739829,107.77565037845007,108.7895523821051
2024-01-31,110.31456859140253,97.07710444815262,97.53864261058712,107.53290541067486,107.69074252414634
2024-02-01,111.81428073011139,97.77089459657698,97.8425612678905,107.25588935215815,109.64082154204371
2024-02-02,113.03848957825284,96.94280087843393,97.91696847575852,107.53353906415552,110.15857990480207
2024-02-05,112.60738901070985,96.24652425950221,97.89541053615635,107.29930170460023,109.14434950760028
2024-02-06,112.94870738044224,96.57976867814372,97.89968756408041,107.47069965168998,109.76582786886344
2024-02-07,113.92951325134138,96.60097941372265,97.86637708469512,107.58005970814206,110.47649810676685
2024-02-08,113.98211179079986,96.36776534686666,97.79017065986676,107.6645149334734,110.33015035690244
2024-02-09,114.66884412577294,96.29142587583617,97.70160599669576,107.86598328192272,110.7946405564033
2024-02-12,114.61621602804681,96.26938234562446,97.85994784143199,108.04845676716113,110.99805926351173
2024-02-13,112.95430586490612,95.75898874878153,97.9486651410265,108.05987380871585,109.51545801667089
2024-02-14,114.02265352647196,95.87533237178427,98.0790533043324,107.99341413366005,110.4274633668939
2024-02-15,114.84234387127381,96.02387205381461,98.01065092023599,107.99734657364071,111.01660868504584
2024-02-16,114.2429206317755,95.80882258305597,97.97123102843184,108.19196665656938,110.57786792174338
2024-02-20,113.5835368321211,95.9070328532517,98.06892996636353,108.26160483245717,110.35181846588043
2024-02-21,113.69105561538395,95.70170727747873,97.93904627467404,108.2149997982998,110.13365206563877
2024-02-22,116.12587883551097,95.70772420548734,97.94985471384835,108.41074426829842,111.90922312476977
2024-02-23,116.20957521244894,96.06832625438246,98.17028794052189,108.51180047147497,112.51729933378276
2024-02-26,115.76378027201419,95.9797396970252,97.99304977907542,108.3777150910007,111.98336261956699
2024-02-27,115.98841460997886,95.8241146970058,98.04522886298153,108.37830114684262,112.04255358775279
2024-02-28,115.82801684600119,95.97755274517478,97.82843093962748,108.10884166643484,111.72904851770511
2024-02-29,116.25752523990471,96.09538729794916,97.88286576803256,107.9635934720898,112.02764970594829
2024-03-01,117.15542262616117,96.32328295166704,98.47634174355888,108.18576924199172,113.37452807595557
2024-03-04,117.05151960609852,96.23364869968063,98.38985068151925,108.25442709069968,113.21640322080218
2024-03-05,116.07976658998587,96.70086230678643,98.34873515434481,108.13394337923776,112.8637991695294
2024-03-06,116.56470502182559,96.84499877189901,98.35567786896968,108.26476571310737,113.36921467922059
2024-03-07,117.51633645960315,96.90028399122168,98.37165613335728,108.2478500141468,114.02253686435873
2024-03-08,116.93158296402409,96.87194164508274,98.38115960757304,108.23859330068532,113.62162247875098
2024-03-11,116.84844500571091,96.85004747369396,98.44094907618042,107.95153929860955,113.39412246426241
2024-03-12,117.8818231380604,96.54910858112568,98.51189964355339,108.115689161734,114.01457758712925
2024-03-13,117.72897261405157,96.38668605509604,98.66249661493114,108.21534211968742,113.97209576365736
2024-03-14,117.53643626004646,95.8004751639599,98.69427181258614,108.16648040157773,113.33769664753423
2024-03-15,116.86706537291813,95.72211114439719,98.74221992226146,108.31291155970322,112.95019799224599
2024-03-18,117.43944461735481,95.5414291122744,98.7394733004407,108.26413544485756,113.16049345903258
2024-03-19,117.97736028160068,95.73452313995078,98.79700536636537,108.52100555699558,113.9730148398117
2024-03-20,118.8751234745225,95.8027786549421,98.8032969084257,108.81564595237667,114.95066679643126
2024-03-21,119.19925510596691,95.84911742374554,98.817888650944,108.88631336582245,115.3026862871299
2024-03-22,119.0123152512826,96.15940881397982,98.85184879175351,108.46925256669766,115.14630963763767
2024-03-25,118.7401722681698,95.85503989555436,98.94557217342515,108.68552793908243,114.92546634284658
2024-03-26,118.55873433585722,95.96125371309037,99.01022238821577,108.70332550292629,114.96138727440714
2024-03-27,119.37881310171488,96.22297273182329,98.85832800244279,108.60259397719396,115.62959157100212
2024-03-28,119.35660809269442,96.30722775776358,98.99007361836064,108.69645764026312,115.90811774141865
2024-04-01,119.15559896686747,95.53498770631563,98.87740625293803,108.5181438600027,114.69746302979785
2024-04-02,118.42063460107231,95.26649642585622,98.84917509875066,108.62753790051019,113.88392768858509
2024-04-03,118.54636720432296,95.23678131392705,98.85097651956474,108.92191247293577,114.20635639026737
2024-04-04,117.13846610782188,95.53005160308075,99.010034960796,109.24979546805476,113.8195688120738
2024-04-05,118.31570990059978,95.09451612007733,98.95925665894467,109.02199641805359,114.09314276178894
2024-04-08,118.37971478609568,94.96296671588678,98.8963578043009,109.2198997991482,114.12580389502615
2024-04-09,118.51203468015295,95.30731777648899,98.89055635296906,109.39615107556871,114.75211295272231
2024-04-10,117.35870112911184,94.34422759135764,98.9232731886184,109.0415619859715,112.40663083103412
2024-04-11,118.21198438030235,94.21607648616242,99.04003614039574,109.25628641383256,113.3272463754926
2024-04-12,116.62309939184681,94.48270570719683,99.07092234263749,108.9831150787346,112.2839914177368
2024-04-15,115.20127505736555,93.81461057099276,99.16642500584902,109.27578088767933,111.02575630851564
2024-04-16,114.9979107277457,93.64024359699663,99.17711592215154,108.97484745577958,110.5422097979576
2024-04-17,114.33780693281528,93.99675634329004,99.01414095665538,108.99723421798397,110.29741244123554
2024-04-18,114.11005286811043,93.79667462362886,99.02394942180436,109.1316876987411,110.0918270920733
2024-04-19,113.1426645441203,93.88653588657343,99.0379447528044,108.83175454896217,109.32616781831088
2024-04-22,114.14563706517708,93.88653588657343,98.89919944109371,108.81607102551429,109.8913479647337
2024-04-23,115.44780054994833,93.81009775578242,98.93625964780499,109.24342022305251,111.03756063429375
2024-04-24,115.39480192517335,93.62830762286225,99.15739425015482,109.40658729154103,111.142177189235
2024-04-25,114.97007901328115,93.43536799624204,99.2707464267584,109.71775384956499,111.01115299169588
2024-04-26,116.01842634599646,93.60616384013525,99.33511205834472,110.48258057632148,112.43896409018114
2024-04-29,116.4150435776147,93.85110277334188,98.73704834219663,110.6281520437095,112.54586966617764
2024-04-30,114.61482688522796,93.58739155169037,98.6955252551618,110.3807777679785,111.01462855864546
2024-05-01,114.29575787262338,93.83935190197053,98.39908737599855,110.38654743019951,110.78827996461928
2024-05-02,115.20652940259113,94.01989283018835,98.3936471498029,109.63840904075563,110.99247264807084
2024-05-03,116.42126882290056,94.4250509125053,98.21439899810285,109.72892844852097,111.94547310317947
2024-05-06,117.44502018845544,94.50107973241809,98.22383091274891,110.09661277332366,112.87610642947318
2024-05-07,117.5558722760338,94.622206628057,98.12994568445974,110.12451010644185,112.98262825326361
2024-05-08,117.56559713924828,94.58752695936286,98.1411696103702,110.15105257957005,112.98754715393939
2024-05-09,118.14372888800622,94.72264604148286,98.111007437341,110.30606664170965,113.51467425588717
2024-05-10,118.27390434784834,94.49504017479359,98.0991598707258,110.43500369825719,113.49612332426008
2024-05-13,118.28748895363441,94.60007461826973,98.10782931074881,110.58138112283447,113.69224059069869
2024-05-14,118.75094989466102,94.74447658059347,97.99498673670219,110.7512874046489,114.13972822049585
2024-05-15,120.00185391132925,95.25271914902632,98.0645202148656,110.75349022289815,115.45773310051084
2024-05-16,119.79028050253342,95.18836168790435,98.08633889354795,110.90160114635287,115.38598439520646
2024-05-17,119.93756228999403,94.99105529187015,98.02811118740836,111.10682967813818,115.41746324925077
2024-05-20,120.05575803642905,94.8350407154263,97.87842893280528,111.23337279931329,115.33543590530554
2024-05-21,120.30747578200729,95.04880910749722,97.88687546994761,111.21329888132223,115.67981166679189
2024-05-22,120.01054921317854,94.96768815260154,97.6615274498918,111.31225907871021,115.28378451259778
2024-05-23,119.25752789552966,94.75395263477344,97.75271674988153,111.38888918075706,114.69464649705334
2024-05-24,119.93067329714064,94.8636660891362,97.91843278600686,111.35700425963205,115.40676422476872
2024-05-28,120.00237231303335,94.2638927748911,97.95529767281108,111.62647753954451,115.14880212694155
2024-05-29,119.28060131749743,93.74806474922255,97.95180375727959,111.55774277862508,114.08156487130805
2024-05-30,118.60110725394874,94.11395955733778,97.86934314377,111.42960136294991,113.74293408660867
2024-05-31,119.51889232131595,94.34325074332445,97.85198046686195,111.53714999210669,114.68537579894557
2024-06-03,119.61296746493792,94.91855995603265,98.14403256775196,111.5264979071345,115.55355846185127
2024-06-04,119.74207188808872,95.39675792073307,98.18140328825706,110.98287469997237,115.6954400514982
2024-06-05,121.10871738227335,95.58303388274997,98.19727305555328,111.35326167909444,117.15451354362469
2024-06-06,121.10651488989082,95.64545801604791,98.07865784783128,111.40022919450449,117.14086400220427
2024-06-07,120.96421154435252,94.90226480231063,98.11583916108066,111.21075856380666,116.29338473081307
2024-06-10,121.32469734699372,94.64186277294058,97.87566845632355,111.68801038094622,116.46917042206772
2024-06-11,121.60661085728741,95.01753107487859,97.96285453278031,111.762558003632,117.12587052162691
2024-06-12,122.56745219646088,95.39963153316972,97.81455412567858,111.99803716641206,118.2097582334245
2024-06-13,122.80562593093312,95.70717573379038,97.70910740316961,111.94834957442279,118.52981948834282
2024-06-14,122.87775468371632,95.9176878650706,97.68106671834495,111.90469474803182,118.70934314208566
2024-06-17,123.81873585039259,95.57033360624531,97.58308186793967,111.85721221392986,118.93740326944761
2024-06-18,124.12223780107901,95.83399295186358,97.56582775721219,112.17651596761877,119.64852652883809
2024-06-20,123.79608072490815,95.67831024616356,97.46307445258817,112.49415381027215,119.41784161868898
2024-06-21,123.63564401658083,95.67831024616356,97.62772498373806,112.55058260876847,119.50126040283853
2024-06-24,123.24678727290805,95.69112235441915,97.56090516643961,112.7239115168074,119.29449921311289
2024-06-25,123.70438315007672,95.73077170507311,97.61226104207636,112.70611744058318,119.73829666838233
2024-06-26,123.85341324530512,95.26031110939444,97.53248402984941,112.94049197581948,119.48881503620039
2024-06-27,124.0418951891724,95.4351571033871,97.49402241166581,112.93961107963295,119.79527469140636
2024-06-28,123.562493584502,95.02674991487717,97.48753720376494,113.12574100161714,119.09404490961826
